TDSFU Daily run: Sun Oct 19 13:01:10 UTC 2025 TDSFU
TDSFU Daily run: Mon Oct 20 04:39:41 UTC 2025 TDSFU
TDSFU Daily run: Tue Oct 21 04:36:53 UTC 2025 TDSFU
TDSFU Daily run: Wed Oct 22 04:38:11 UTC 2025 TDSFU
TDSFU Daily run: Thu Oct 23 04:36:11 UTC 2025 TDSFU
TDSFU Daily run: Fri Oct 24 04:35:27 UTC 2025 TDSFU
TDSFU Daily run: Sat Oct 25 04:34:43 UTC 2025 TDSFU
TDSFU Daily run: Sun Oct 26 04:34:58 UTC 2025 TDSFU
TDSFU Daily run: Mon Oct 27 04:44:05 UTC 2025 TDSFU
TDSFU Daily run: Tue Oct 28 04:37:46 UTC 2025 TDSFU
TDSFU Daily run: Wed Oct 29 04:42:13 UTC 2025 TDSFU
TDSFU Daily run: Thu Oct 30 04:37:06 UTC 2025 TDSFU
TDSFU Daily run: Fri Oct 31 04:39:46 UTC 2025 TDSFU
TDSFU Daily run: Sat Nov  1 04:34:11 UTC 2025 TDSFU
TDSFU Daily run: Sun Nov  2 04:37:07 UTC 2025 TDSFU
